02_to_01,7
02_to_02,165
02_to_03,7
02_to_04,6
02_to_05,6
02_to_06,8
02_to_07,6
02_to_08,11
02_to_09,10
02_to_10,9
02_to_11,7
02_to_12,7
02_to_13,12
02_to_14,9
02_to_15,8
02_to_43,15
02_to_44,6
02_to_45,7
02_to_46,5
02_to_47,7
02_to_48,8
02_to_49,7
02_to_50,7
02_to_51,14
02_to_52,7
02_to_53,9
02_to_54,9
02_to_55,5
02_to_56,6
02_to_57,6
02_to_58,1
02_to_59,3
02_to_60,2
02_to_61,2
02_to_62,2
02_to_63,2
02_to_64,3
02_to_65,3
02_to_66,5
02_to_67,2
02_to_68,9
02_to_69,6
02_to_70,6
02_to_71,6
02_to_72,5
02_to_73,3
02_to_74,10
02_to_75,9
02_to_76,5
02_to_77,10
02_to_78,12
02_to_79,12
02_to_80,10
02_to_81,3
02_to_82,11
02_to_83,4
02_to_84,4
02_to_85,3
02_to_86,3
02_to_87,3
02_to_88,4
02_to_89,2
02_to_90,5
02_to_91,3
02_to_92,2
02_to_93,5
02_to_94,3
02_to_95,3
02_to_96,4
02_to_97,3
